<?xml version="1.0" encoding="UTF-8"?>
<beans xmlns="http://www.springframework.org/schema/beans"
	xmlns:xsi="http://www.w3.org/2001/XMLSchema-instance"
	xmlns:context="http://www.springframework.org/schema/context"
	xmlns:mvc="http://www.springframework.org/schema/mvc"
	xsi:schemaLocation="http://www.springframework.org/schema/mvc http://www.springframework.org/schema/mvc/spring-mvc-4.2.xsd
		http://www.springframework.org/schema/beans http://www.springframework.org/schema/beans/spring-beans.xsd
		http://www.springframework.org/schema/context http://www.springframework.org/schema/context/spring-context-4.2.xsd">
		
	<context:component-scan base-package="com.springbook.view"></context:component-scan>
	
	
	<!-- 파일업로드 설정 -->
	<bean id="multipartResolver" class="org.springframework.web.multipart.commons.CommonsMultipartResolver">
		<property name="maxUploadSize" value="5000000" /><!-- 5MB -->
	</bean>	
	
<!-- 	<mvc:annotation-driven></mvc:annotation-driven> -->
<!-- 예외처리 설정 -->
<!-- <bean id="exceptionResolver" class="org.springframework.web.servlet.handler.SimpleMappingExceptionResolver"> -->
<!-- 	<property name="exceptionMappings"> -->
<!-- 		<props> -->
<!-- 			<prop key="java.lang.ArithmeticException">error/errorArithmetic.jsp</prop> -->
<!-- 			<prop key="java.lang.NullPointerException">error/errorNullPointer.jsp</prop> -->
<!-- 		</props> -->
<!-- 	</property> -->
<!-- 	<property name="defaultErrorView" value="error/error.jsp"></property> -->
<!-- </bean> -->

</beans>
