<?xml version="1.0" encoding="UTF-8" ?>
<!DOCTYPE configuration
  PUBLIC "-//mybatis.org//DTD Config 3.0//EN"
  "http://mybatis.org/dtd/mybatis-3-config.dtd">
  
<configuration>
	
	<typeAliases>
		<typeAlias type="com.springbook.biz.board.BoardVO" alias="board" />
		<typeAlias type="com.springbook.biz.user.UserVO" alias="user" />
		<typeAlias type="com.springbook.biz.inquiry.InqVO" alias="inq" />
		<typeAlias type="com.springbook.biz.inquiry.InqReplyVO" alias="inqReply" />
	</typeAliases>
	
	<mappers>
		<mapper resource="mappings/board-mapping.xml" />
		<mapper resource="mappings/user-mapping.xml" />
		<mapper resource="mappings/inquiry-mapping.xml" />
		<mapper resource="mappings/inqReply-mapping.xml" />
	</mappers>
</configuration>